# suppliers
INSERT INTO mydb.people VALUES
	('0000000000000001','0000000000000000','0000000000000001','female','24','81692777'),
	('0000000000000002','0000000000000000','0000000000000002','male','34','49885386'),
	('0000000000000003','0000000000000000','0000000000000003','male','10','55202362'),
	('0000000000000004','0000000000000000','0000000000000004','male','51','54897763'),
	('0000000000000005','0000000000000000','0000000000000005','female','61','24089172'),
	('0000000000000006','0000000000000000','0000000000000006','female','12','74702567'),
	('0000000000000007','0000000000000000','0000000000000007','female','23','58722862'),
	('0000000000000008','0000000000000000','0000000000000008','male','68','11513929'),
	('0000000000000009','0000000000000000','0000000000000009','female','23','49133069'),
	('0000000000000010','0000000000000000','0000000000000010','female','34','88175011');
INSERT INTO mydb.supplier VALUES
	('0000000000000001'),
	('0000000000000002'),
	('0000000000000003'),
	('0000000000000004'),
	('0000000000000005'),
	('0000000000000006'),
	('0000000000000007'),
	('0000000000000008'),
	('0000000000000009'),
	('0000000000000010');
# customers
INSERT INTO mydb.people VALUES
	('0000000000000011','0000000000000000','0000000000000011','male','70','39484421'),
	('0000000000000012','0000000000000000','0000000000000012','male','25','34575198'),
	('0000000000000013','0000000000000000','0000000000000013','female','76','29566413'),
	('0000000000000014','0000000000000000','0000000000000014','female','12','11759956'),
	('0000000000000015','0000000000000000','0000000000000015','female','63','52906996'),
	('0000000000000016','0000000000000000','0000000000000016','male','66','77477084'),
	('0000000000000017','0000000000000000','0000000000000017','male','17','45750846'),
	('0000000000000018','0000000000000000','0000000000000018','male','34','11616124'),
	('0000000000000019','0000000000000000','0000000000000019','male','63','78898814'),
	('0000000000000020','0000000000000000','0000000000000020','female','75','64344043'),
	('0000000000000021','0000000000000000','0000000000000021','female','48','95117276'),
	('0000000000000022','0000000000000000','0000000000000022','female','29','31705403'),
	('0000000000000023','0000000000000000','0000000000000023','male','35','73999932'),
	('0000000000000024','0000000000000000','0000000000000024','female','77','23947739'),
	('0000000000000025','0000000000000000','0000000000000025','female','67','39348094'),
	('0000000000000026','0000000000000000','0000000000000026','female','76','20651434'),
	('0000000000000027','0000000000000000','0000000000000027','male','28','36710097'),
	('0000000000000028','0000000000000000','0000000000000028','female','38','37926652'),
	('0000000000000029','0000000000000000','0000000000000029','female','22','22724286'),
	('0000000000000030','0000000000000000','0000000000000030','male','26','64228444'),
	('0000000000000031','0000000000000000','0000000000000031','male','41','53958031'),
	('0000000000000032','0000000000000000','0000000000000032','male','18','39834481'),
	('0000000000000033','0000000000000000','0000000000000033','male','70','81704567'),
	('0000000000000034','0000000000000000','0000000000000034','male','58','67254586'),
	('0000000000000035','0000000000000000','0000000000000035','male','27','32406219'),
	('0000000000000036','0000000000000000','0000000000000036','male','9','92805732'),
	('0000000000000037','0000000000000000','0000000000000037','male','64','13258270'),
	('0000000000000038','0000000000000000','0000000000000038','male','29','43226340'),
	('0000000000000039','0000000000000000','0000000000000039','male','37','27142618'),
	('0000000000000040','0000000000000000','0000000000000040','male','47','30892921'),
	('0000000000000041','0000000000000000','0000000000000041','female','60','61537764'),
	('0000000000000042','0000000000000000','0000000000000042','female','2','51165193'),
	('0000000000000043','0000000000000000','0000000000000043','female','75','89470124'),
	('0000000000000044','0000000000000000','0000000000000044','female','28','15373743'),
	('0000000000000045','0000000000000000','0000000000000045','male','68','80709859'),
	('0000000000000046','0000000000000000','0000000000000046','male','73','24316437'),
	('0000000000000047','0000000000000000','0000000000000047','male','76','89901474'),
	('0000000000000048','0000000000000000','0000000000000048','male','59','29036029'),
	('0000000000000049','0000000000000000','0000000000000049','male','76','36065818'),
	('0000000000000050','0000000000000000','0000000000000050','male','64','15335928'),
	('0000000000000051','0000000000000000','0000000000000051','female','57','89964443'),
	('0000000000000052','0000000000000000','0000000000000052','female','54','82118606'),
	('0000000000000053','0000000000000000','0000000000000053','female','25','15235128'),
	('0000000000000054','0000000000000000','0000000000000054','male','10','14569917'),
	('0000000000000055','0000000000000000','0000000000000055','male','45','39259470'),
	('0000000000000056','0000000000000000','0000000000000056','male','11','36689772'),
	('0000000000000057','0000000000000000','0000000000000057','female','45','34617505'),
	('0000000000000058','0000000000000000','0000000000000058','female','75','37907669'),
	('0000000000000059','0000000000000000','0000000000000059','female','63','43110197'),
	('0000000000000060','0000000000000000','0000000000000060','female','76','69376348'),
	('0000000000000061','0000000000000000','0000000000000061','female','23','44949299'),
	('0000000000000062','0000000000000000','0000000000000062','female','67','55354340'),
	('0000000000000063','0000000000000000','0000000000000063','female','32','87267605'),
	('0000000000000064','0000000000000000','0000000000000064','female','62','68044878'),
	('0000000000000065','0000000000000000','0000000000000065','female','41','40079444'),
	('0000000000000066','0000000000000000','0000000000000066','male','43','22586708'),
	('0000000000000067','0000000000000000','0000000000000067','female','43','79412924'),
	('0000000000000068','0000000000000000','0000000000000068','female','63','48962600'),
	('0000000000000069','0000000000000000','0000000000000069','male','13','21419379'),
	('0000000000000070','0000000000000000','0000000000000070','male','29','97900973'),
	('0000000000000071','0000000000000000','0000000000000071','female','42','36808933'),
	('0000000000000072','0000000000000000','0000000000000072','male','21','38657199'),
	('0000000000000073','0000000000000000','0000000000000073','female','20','70152959'),
	('0000000000000074','0000000000000000','0000000000000074','female','14','85187190'),
	('0000000000000075','0000000000000000','0000000000000075','female','47','74365084'),
	('0000000000000076','0000000000000000','0000000000000076','female','11','73443376'),
	('0000000000000077','0000000000000000','0000000000000077','male','17','79517445'),
	('0000000000000078','0000000000000000','0000000000000078','female','60','35706887'),
	('0000000000000079','0000000000000000','0000000000000079','female','69','47451659'),
	('0000000000000080','0000000000000000','0000000000000080','female','17','65166342'),
	('0000000000000081','0000000000000000','0000000000000081','male','47','42697713'),
	('0000000000000082','0000000000000000','0000000000000082','male','42','56864819'),
	('0000000000000083','0000000000000000','0000000000000083','female','42','80955939'),
	('0000000000000084','0000000000000000','0000000000000084','male','21','75311705'),
	('0000000000000085','0000000000000000','0000000000000085','female','8','57565984'),
	('0000000000000086','0000000000000000','0000000000000086','female','1','61602422'),
	('0000000000000087','0000000000000000','0000000000000087','male','37','31645630'),
	('0000000000000088','0000000000000000','0000000000000088','female','13','93207672'),
	('0000000000000089','0000000000000000','0000000000000089','male','26','86741222'),
	('0000000000000090','0000000000000000','0000000000000090','female','1','61783898'),
	('0000000000000091','0000000000000000','0000000000000091','female','59','32280524'),
	('0000000000000092','0000000000000000','0000000000000092','male','50','26288819'),
	('0000000000000093','0000000000000000','0000000000000093','male','53','27495994'),
	('0000000000000094','0000000000000000','0000000000000094','male','60','92085273'),
	('0000000000000095','0000000000000000','0000000000000095','male','51','58721860'),
	('0000000000000096','0000000000000000','0000000000000096','female','60','58421993'),
	('0000000000000097','0000000000000000','0000000000000097','male','22','27962504'),
	('0000000000000098','0000000000000000','0000000000000098','female','42','78031326'),
	('0000000000000099','0000000000000000','0000000000000099','female','65','30613202'),
	('0000000000000100','0000000000000000','0000000000000100','male','65','46222842'),
	('0000000000000101','0000000000000000','0000000000000101','male','9','72608872'),
	('0000000000000102','0000000000000000','0000000000000102','female','39','43448036'),
	('0000000000000103','0000000000000000','0000000000000103','female','74','29383303'),
	('0000000000000104','0000000000000000','0000000000000104','female','54','71772890'),
	('0000000000000105','0000000000000000','0000000000000105','female','48','73690368'),
	('0000000000000106','0000000000000000','0000000000000106','female','21','95473788'),
	('0000000000000107','0000000000000000','0000000000000107','female','10','59273303'),
	('0000000000000108','0000000000000000','0000000000000108','male','4','52910253'),
	('0000000000000109','0000000000000000','0000000000000109','male','7','51761152'),
	('0000000000000110','0000000000000000','0000000000000110','female','56','15649157');
INSERT INTO mydb.customer VALUES
	('0000000000000011',0),
	('0000000000000012',0),
	('0000000000000013',0),
	('0000000000000014',0),
	('0000000000000015',0),
	('0000000000000016',0),
	('0000000000000017',0),
	('0000000000000018',0),
	('0000000000000019',0),
	('0000000000000020',0),
	('0000000000000021',0),
	('0000000000000022',0),
	('0000000000000023',0),
	('0000000000000024',0),
	('0000000000000025',0),
	('0000000000000026',0),
	('0000000000000027',0),
	('0000000000000028',0),
	('0000000000000029',0),
	('0000000000000030',0),
	('0000000000000031',0),
	('0000000000000032',0),
	('0000000000000033',0),
	('0000000000000034',0),
	('0000000000000035',0),
	('0000000000000036',0),
	('0000000000000037',0),
	('0000000000000038',0),
	('0000000000000039',0),
	('0000000000000040',0),
	('0000000000000041',0),
	('0000000000000042',0),
	('0000000000000043',0),
	('0000000000000044',0),
	('0000000000000045',0),
	('0000000000000046',0),
	('0000000000000047',0),
	('0000000000000048',0),
	('0000000000000049',0),
	('0000000000000050',0),
	('0000000000000051',0),
	('0000000000000052',0),
	('0000000000000053',0),
	('0000000000000054',0),
	('0000000000000055',0),
	('0000000000000056',0),
	('0000000000000057',0),
	('0000000000000058',0),
	('0000000000000059',0),
	('0000000000000060',0),
	('0000000000000061',0),
	('0000000000000062',0),
	('0000000000000063',0),
	('0000000000000064',0),
	('0000000000000065',0),
	('0000000000000066',0),
	('0000000000000067',0),
	('0000000000000068',0),
	('0000000000000069',0),
	('0000000000000070',0),
	('0000000000000071',0),
	('0000000000000072',0),
	('0000000000000073',0),
	('0000000000000074',0),
	('0000000000000075',0),
	('0000000000000076',0),
	('0000000000000077',0),
	('0000000000000078',0),
	('0000000000000079',0),
	('0000000000000080',0),
	('0000000000000081',0),
	('0000000000000082',0),
	('0000000000000083',0),
	('0000000000000084',0),
	('0000000000000085',0),
	('0000000000000086',0),
	('0000000000000087',0),
	('0000000000000088',0),
	('0000000000000089',0),
	('0000000000000090',0),
	('0000000000000091',0),
	('0000000000000092',0),
	('0000000000000093',0),
	('0000000000000094',0),
	('0000000000000095',0),
	('0000000000000096',0),
	('0000000000000097',0),
	('0000000000000098',0),
	('0000000000000099',0),
	('0000000000000100',0),
	('0000000000000101',0),
	('0000000000000102',0),
	('0000000000000103',0),
	('0000000000000104',0),
	('0000000000000105',0),
	('0000000000000106',0),
	('0000000000000107',0),
	('0000000000000108',0),
	('0000000000000109',0),
	('0000000000000110',0);

# products
INSERT INTO mydb.product VALUES
	('aclothing1','0000000000000001',DATE_ADD(now(), INTERVAL FLOOR(1+RAND() * 86400) SECOND),DATE_ADD(now(), INTERVAL FLOOR(1+RAND() * 86400) SECOND),36,0.600000,14,'clothing'),
	('aclothing2','0000000000000001',DATE_ADD(now(), INTERVAL FLOOR(1+RAND() * 86400) SECOND),DATE_ADD(now(), INTERVAL FLOOR(1+RAND() * 86400) SECOND),21,0.600000,4,'clothing'),
	('aclothing3','0000000000000001',DATE_ADD(now(), INTERVAL FLOOR(1+RAND() * 86400) SECOND),DATE_ADD(now(), INTERVAL FLOOR(1+RAND() * 86400) SECOND),28,0.270000,50,'clothing'),
	('aclothing4','0000000000000001',DATE_ADD(now(), INTERVAL FLOOR(1+RAND() * 86400) SECOND),DATE_ADD(now(), INTERVAL FLOOR(1+RAND() * 86400) SECOND),48,0.560000,2,'clothing'),
	('afood1','0000000000000001',DATE_ADD(now(), INTERVAL FLOOR(1+RAND() * 86400) SECOND),DATE_ADD(now(), INTERVAL FLOOR(1+RAND() * 86400) SECOND),94,0.970000,99,'food'),
	('afood2','0000000000000001',DATE_ADD(now(), INTERVAL FLOOR(1+RAND() * 86400) SECOND),DATE_ADD(now(), INTERVAL FLOOR(1+RAND() * 86400) SECOND),43,0.390000,2,'food'),
	('afood3','0000000000000001',DATE_ADD(now(), INTERVAL FLOOR(1+RAND() * 86400) SECOND),DATE_ADD(now(), INTERVAL FLOOR(1+RAND() * 86400) SECOND),28,0.030000,0,'food'),
	('afood4','0000000000000001',DATE_ADD(now(), INTERVAL FLOOR(1+RAND() * 86400) SECOND),DATE_ADD(now(), INTERVAL FLOOR(1+RAND() * 86400) SECOND),81,0.470000,38,'food'),
	('afun1','0000000000000001',DATE_ADD(now(), INTERVAL FLOOR(1+RAND() * 86400) SECOND),DATE_ADD(now(), INTERVAL FLOOR(1+RAND() * 86400) SECOND),59,0.510000,35,'fun'),
	('afun2','0000000000000001',DATE_ADD(now(), INTERVAL FLOOR(1+RAND() * 86400) SECOND),DATE_ADD(now(), INTERVAL FLOOR(1+RAND() * 86400) SECOND),34,0.390000,92,'fun'),
	('afun3','0000000000000001',DATE_ADD(now(), INTERVAL FLOOR(1+RAND() * 86400) SECOND),DATE_ADD(now(), INTERVAL FLOOR(1+RAND() * 86400) SECOND),15,0.270000,4,'fun'),
	('afun4','0000000000000001',DATE_ADD(now(), INTERVAL FLOOR(1+RAND() * 86400) SECOND),DATE_ADD(now(), INTERVAL FLOOR(1+RAND() * 86400) SECOND),29,0.490000,64,'fun'),
	('bclothing1','0000000000000002',DATE_ADD(now(), INTERVAL FLOOR(1+RAND() * 86400) SECOND),DATE_ADD(now(), INTERVAL FLOOR(1+RAND() * 86400) SECOND),85,0.290000,43,'clothing'),
	('bclothing2','0000000000000002',DATE_ADD(now(), INTERVAL FLOOR(1+RAND() * 86400) SECOND),DATE_ADD(now(), INTERVAL FLOOR(1+RAND() * 86400) SECOND),35,0.770000,0,'clothing'),
	('bclothing3','0000000000000002',DATE_ADD(now(), INTERVAL FLOOR(1+RAND() * 86400) SECOND),DATE_ADD(now(), INTERVAL FLOOR(1+RAND() * 86400) SECOND),38,0.710000,49,'clothing'),
	('bclothing4','0000000000000002',DATE_ADD(now(), INTERVAL FLOOR(1+RAND() * 86400) SECOND),DATE_ADD(now(), INTERVAL FLOOR(1+RAND() * 86400) SECOND),89,0.670000,88,'clothing'),
	('bfood1','0000000000000002',DATE_ADD(now(), INTERVAL FLOOR(1+RAND() * 86400) SECOND),DATE_ADD(now(), INTERVAL FLOOR(1+RAND() * 86400) SECOND),92,0.950000,43,'food'),
	('bfood2','0000000000000002',DATE_ADD(now(), INTERVAL FLOOR(1+RAND() * 86400) SECOND),DATE_ADD(now(), INTERVAL FLOOR(1+RAND() * 86400) SECOND),44,0.290000,90,'food'),
	('bfood3','0000000000000002',DATE_ADD(now(), INTERVAL FLOOR(1+RAND() * 86400) SECOND),DATE_ADD(now(), INTERVAL FLOOR(1+RAND() * 86400) SECOND),82,0.400000,41,'food'),
	('bfood4','0000000000000002',DATE_ADD(now(), INTERVAL FLOOR(1+RAND() * 86400) SECOND),DATE_ADD(now(), INTERVAL FLOOR(1+RAND() * 86400) SECOND),69,0.260000,32,'food'),
	('bfun1','0000000000000002',DATE_ADD(now(), INTERVAL FLOOR(1+RAND() * 86400) SECOND),DATE_ADD(now(), INTERVAL FLOOR(1+RAND() * 86400) SECOND),61,0.420000,60,'fun'),
	('bfun2','0000000000000002',DATE_ADD(now(), INTERVAL FLOOR(1+RAND() * 86400) SECOND),DATE_ADD(now(), INTERVAL FLOOR(1+RAND() * 86400) SECOND),17,0.230000,61,'fun'),
	('bfun3','0000000000000002',DATE_ADD(now(), INTERVAL FLOOR(1+RAND() * 86400) SECOND),DATE_ADD(now(), INTERVAL FLOOR(1+RAND() * 86400) SECOND),81,0.090000,90,'fun'),
	('bfun4','0000000000000002',DATE_ADD(now(), INTERVAL FLOOR(1+RAND() * 86400) SECOND),DATE_ADD(now(), INTERVAL FLOOR(1+RAND() * 86400) SECOND),25,0.960000,67,'fun'),
	('cclothing1','0000000000000003',DATE_ADD(now(), INTERVAL FLOOR(1+RAND() * 86400) SECOND),DATE_ADD(now(), INTERVAL FLOOR(1+RAND() * 86400) SECOND),77,0.340000,90,'clothing'),
	('cclothing2','0000000000000003',DATE_ADD(now(), INTERVAL FLOOR(1+RAND() * 86400) SECOND),DATE_ADD(now(), INTERVAL FLOOR(1+RAND() * 86400) SECOND),26,0.240000,57,'clothing'),
	('cclothing3','0000000000000003',DATE_ADD(now(), INTERVAL FLOOR(1+RAND() * 86400) SECOND),DATE_ADD(now(), INTERVAL FLOOR(1+RAND() * 86400) SECOND),14,0.680000,5,'clothing'),
	('cclothing4','0000000000000003',DATE_ADD(now(), INTERVAL FLOOR(1+RAND() * 86400) SECOND),DATE_ADD(now(), INTERVAL FLOOR(1+RAND() * 86400) SECOND),58,0.120000,86,'clothing'),
	('cfood1','0000000000000003',DATE_ADD(now(), INTERVAL FLOOR(1+RAND() * 86400) SECOND),DATE_ADD(now(), INTERVAL FLOOR(1+RAND() * 86400) SECOND),0,0.460000,26,'food'),
	('cfood2','0000000000000003',DATE_ADD(now(), INTERVAL FLOOR(1+RAND() * 86400) SECOND),DATE_ADD(now(), INTERVAL FLOOR(1+RAND() * 86400) SECOND),94,0.160000,52,'food'),
	('cfood3','0000000000000003',DATE_ADD(now(), INTERVAL FLOOR(1+RAND() * 86400) SECOND),DATE_ADD(now(), INTERVAL FLOOR(1+RAND() * 86400) SECOND),78,0.290000,46,'food'),
	('cfood4','0000000000000003',DATE_ADD(now(), INTERVAL FLOOR(1+RAND() * 86400) SECOND),DATE_ADD(now(), INTERVAL FLOOR(1+RAND() * 86400) SECOND),90,0.470000,70,'food'),
	('cfun1','0000000000000003',DATE_ADD(now(), INTERVAL FLOOR(1+RAND() * 86400) SECOND),DATE_ADD(now(), INTERVAL FLOOR(1+RAND() * 86400) SECOND),51,0.800000,31,'fun'),
	('cfun2','0000000000000003',DATE_ADD(now(), INTERVAL FLOOR(1+RAND() * 86400) SECOND),DATE_ADD(now(), INTERVAL FLOOR(1+RAND() * 86400) SECOND),93,0.570000,27,'fun'),
	('cfun3','0000000000000003',DATE_ADD(now(), INTERVAL FLOOR(1+RAND() * 86400) SECOND),DATE_ADD(now(), INTERVAL FLOOR(1+RAND() * 86400) SECOND),12,0.860000,14,'fun'),
	('cfun4','0000000000000003',DATE_ADD(now(), INTERVAL FLOOR(1+RAND() * 86400) SECOND),DATE_ADD(now(), INTERVAL FLOOR(1+RAND() * 86400) SECOND),55,0.120000,90,'fun'),
	('dclothing1','0000000000000004',DATE_ADD(now(), INTERVAL FLOOR(1+RAND() * 86400) SECOND),DATE_ADD(now(), INTERVAL FLOOR(1+RAND() * 86400) SECOND),12,0.790000,10,'clothing'),
	('dclothing2','0000000000000004',DATE_ADD(now(), INTERVAL FLOOR(1+RAND() * 86400) SECOND),DATE_ADD(now(), INTERVAL FLOOR(1+RAND() * 86400) SECOND),69,0.890000,74,'clothing'),
	('dclothing3','0000000000000004',DATE_ADD(now(), INTERVAL FLOOR(1+RAND() * 86400) SECOND),DATE_ADD(now(), INTERVAL FLOOR(1+RAND() * 86400) SECOND),55,0.410000,20,'clothing'),
	('dclothing4','0000000000000004',DATE_ADD(now(), INTERVAL FLOOR(1+RAND() * 86400) SECOND),DATE_ADD(now(), INTERVAL FLOOR(1+RAND() * 86400) SECOND),33,0.870000,88,'clothing'),
	('dfood1','0000000000000004',DATE_ADD(now(), INTERVAL FLOOR(1+RAND() * 86400) SECOND),DATE_ADD(now(), INTERVAL FLOOR(1+RAND() * 86400) SECOND),38,0.660000,70,'food'),
	('dfood2','0000000000000004',DATE_ADD(now(), INTERVAL FLOOR(1+RAND() * 86400) SECOND),DATE_ADD(now(), INTERVAL FLOOR(1+RAND() * 86400) SECOND),84,0.560000,17,'food'),
	('dfood3','0000000000000004',DATE_ADD(now(), INTERVAL FLOOR(1+RAND() * 86400) SECOND),DATE_ADD(now(), INTERVAL FLOOR(1+RAND() * 86400) SECOND),6,0.600000,49,'food'),
	('dfood4','0000000000000004',DATE_ADD(now(), INTERVAL FLOOR(1+RAND() * 86400) SECOND),DATE_ADD(now(), INTERVAL FLOOR(1+RAND() * 86400) SECOND),37,0.050000,59,'food'),
	('dfun1','0000000000000004',DATE_ADD(now(), INTERVAL FLOOR(1+RAND() * 86400) SECOND),DATE_ADD(now(), INTERVAL FLOOR(1+RAND() * 86400) SECOND),17,0.180000,45,'fun'),
	('dfun2','0000000000000004',DATE_ADD(now(), INTERVAL FLOOR(1+RAND() * 86400) SECOND),DATE_ADD(now(), INTERVAL FLOOR(1+RAND() * 86400) SECOND),83,0.730000,58,'fun'),
	('dfun3','0000000000000004',DATE_ADD(now(), INTERVAL FLOOR(1+RAND() * 86400) SECOND),DATE_ADD(now(), INTERVAL FLOOR(1+RAND() * 86400) SECOND),73,0.370000,89,'fun'),
	('dfun4','0000000000000004',DATE_ADD(now(), INTERVAL FLOOR(1+RAND() * 86400) SECOND),DATE_ADD(now(), INTERVAL FLOOR(1+RAND() * 86400) SECOND),83,0.070000,78,'fun'),
	('eclothing1','0000000000000005',DATE_ADD(now(), INTERVAL FLOOR(1+RAND() * 86400) SECOND),DATE_ADD(now(), INTERVAL FLOOR(1+RAND() * 86400) SECOND),57,0.140000,71,'clothing'),
	('eclothing2','0000000000000005',DATE_ADD(now(), INTERVAL FLOOR(1+RAND() * 86400) SECOND),DATE_ADD(now(), INTERVAL FLOOR(1+RAND() * 86400) SECOND),29,0.000000,59,'clothing'),
	('eclothing3','0000000000000005',DATE_ADD(now(), INTERVAL FLOOR(1+RAND() * 86400) SECOND),DATE_ADD(now(), INTERVAL FLOOR(1+RAND() * 86400) SECOND),18,0.380000,25,'clothing'),
	('eclothing4','0000000000000005',DATE_ADD(now(), INTERVAL FLOOR(1+RAND() * 86400) SECOND),DATE_ADD(now(), INTERVAL FLOOR(1+RAND() * 86400) SECOND),88,0.740000,33,'clothing'),
	('efood1','0000000000000005',DATE_ADD(now(), INTERVAL FLOOR(1+RAND() * 86400) SECOND),DATE_ADD(now(), INTERVAL FLOOR(1+RAND() * 86400) SECOND),57,0.810000,93,'food'),
	('efood2','0000000000000005',DATE_ADD(now(), INTERVAL FLOOR(1+RAND() * 86400) SECOND),DATE_ADD(now(), INTERVAL FLOOR(1+RAND() * 86400) SECOND),58,0.700000,99,'food'),
	('efood3','0000000000000005',DATE_ADD(now(), INTERVAL FLOOR(1+RAND() * 86400) SECOND),DATE_ADD(now(), INTERVAL FLOOR(1+RAND() * 86400) SECOND),17,0.390000,69,'food'),
	('efood4','0000000000000005',DATE_ADD(now(), INTERVAL FLOOR(1+RAND() * 86400) SECOND),DATE_ADD(now(), INTERVAL FLOOR(1+RAND() * 86400) SECOND),63,0.220000,94,'food'),
	('efun1','0000000000000005',DATE_ADD(now(), INTERVAL FLOOR(1+RAND() * 86400) SECOND),DATE_ADD(now(), INTERVAL FLOOR(1+RAND() * 86400) SECOND),73,0.470000,31,'fun'),
	('efun2','0000000000000005',DATE_ADD(now(), INTERVAL FLOOR(1+RAND() * 86400) SECOND),DATE_ADD(now(), INTERVAL FLOOR(1+RAND() * 86400) SECOND),62,0.820000,90,'fun'),
	('efun3','0000000000000005',DATE_ADD(now(), INTERVAL FLOOR(1+RAND() * 86400) SECOND),DATE_ADD(now(), INTERVAL FLOOR(1+RAND() * 86400) SECOND),92,0.910000,57,'fun'),
	('efun4','0000000000000005',DATE_ADD(now(), INTERVAL FLOOR(1+RAND() * 86400) SECOND),DATE_ADD(now(), INTERVAL FLOOR(1+RAND() * 86400) SECOND),15,0.210000,57,'fun'),
	('fclothing1','0000000000000006',DATE_ADD(now(), INTERVAL FLOOR(1+RAND() * 86400) SECOND),DATE_ADD(now(), INTERVAL FLOOR(1+RAND() * 86400) SECOND),74,0.910000,47,'clothing'),
	('fclothing2','0000000000000006',DATE_ADD(now(), INTERVAL FLOOR(1+RAND() * 86400) SECOND),DATE_ADD(now(), INTERVAL FLOOR(1+RAND() * 86400) SECOND),51,0.310000,21,'clothing'),
	('fclothing3','0000000000000006',DATE_ADD(now(), INTERVAL FLOOR(1+RAND() * 86400) SECOND),DATE_ADD(now(), INTERVAL FLOOR(1+RAND() * 86400) SECOND),37,0.400000,54,'clothing'),
	('fclothing4','0000000000000006',DATE_ADD(now(), INTERVAL FLOOR(1+RAND() * 86400) SECOND),DATE_ADD(now(), INTERVAL FLOOR(1+RAND() * 86400) SECOND),30,0.980000,25,'clothing'),
	('ffood1','0000000000000006',DATE_ADD(now(), INTERVAL FLOOR(1+RAND() * 86400) SECOND),DATE_ADD(now(), INTERVAL FLOOR(1+RAND() * 86400) SECOND),81,0.160000,16,'food'),
	('ffood2','0000000000000006',DATE_ADD(now(), INTERVAL FLOOR(1+RAND() * 86400) SECOND),DATE_ADD(now(), INTERVAL FLOOR(1+RAND() * 86400) SECOND),2,0.310000,39,'food'),
	('ffood3','0000000000000006',DATE_ADD(now(), INTERVAL FLOOR(1+RAND() * 86400) SECOND),DATE_ADD(now(), INTERVAL FLOOR(1+RAND() * 86400) SECOND),96,0.040000,38,'food'),
	('ffood4','0000000000000006',DATE_ADD(now(), INTERVAL FLOOR(1+RAND() * 86400) SECOND),DATE_ADD(now(), INTERVAL FLOOR(1+RAND() * 86400) SECOND),80,0.180000,21,'food'),
	('ffun1','0000000000000006',DATE_ADD(now(), INTERVAL FLOOR(1+RAND() * 86400) SECOND),DATE_ADD(now(), INTERVAL FLOOR(1+RAND() * 86400) SECOND),70,0.620000,12,'fun'),
	('ffun2','0000000000000006',DATE_ADD(now(), INTERVAL FLOOR(1+RAND() * 86400) SECOND),DATE_ADD(now(), INTERVAL FLOOR(1+RAND() * 86400) SECOND),79,0.770000,85,'fun'),
	('ffun3','0000000000000006',DATE_ADD(now(), INTERVAL FLOOR(1+RAND() * 86400) SECOND),DATE_ADD(now(), INTERVAL FLOOR(1+RAND() * 86400) SECOND),36,0.040000,76,'fun'),
	('ffun4','0000000000000006',DATE_ADD(now(), INTERVAL FLOOR(1+RAND() * 86400) SECOND),DATE_ADD(now(), INTERVAL FLOOR(1+RAND() * 86400) SECOND),83,0.070000,59,'fun'),
	('gclothing1','0000000000000007',DATE_ADD(now(), INTERVAL FLOOR(1+RAND() * 86400) SECOND),DATE_ADD(now(), INTERVAL FLOOR(1+RAND() * 86400) SECOND),57,0.440000,99,'clothing'),
	('gclothing2','0000000000000007',DATE_ADD(now(), INTERVAL FLOOR(1+RAND() * 86400) SECOND),DATE_ADD(now(), INTERVAL FLOOR(1+RAND() * 86400) SECOND),11,0.270000,50,'clothing'),
	('gclothing3','0000000000000007',DATE_ADD(now(), INTERVAL FLOOR(1+RAND() * 86400) SECOND),DATE_ADD(now(), INTERVAL FLOOR(1+RAND() * 86400) SECOND),36,0.600000,18,'clothing'),
	('gclothing4','0000000000000007',DATE_ADD(now(), INTERVAL FLOOR(1+RAND() * 86400) SECOND),DATE_ADD(now(), INTERVAL FLOOR(1+RAND() * 86400) SECOND),5,0.630000,49,'clothing'),
	('gfood1','0000000000000007',DATE_ADD(now(), INTERVAL FLOOR(1+RAND() * 86400) SECOND),DATE_ADD(now(), INTERVAL FLOOR(1+RAND() * 86400) SECOND),44,0.110000,5,'food'),
	('gfood2','0000000000000007',DATE_ADD(now(), INTERVAL FLOOR(1+RAND() * 86400) SECOND),DATE_ADD(now(), INTERVAL FLOOR(1+RAND() * 86400) SECOND),34,0.910000,75,'food'),
	('gfood3','0000000000000007',DATE_ADD(now(), INTERVAL FLOOR(1+RAND() * 86400) SECOND),DATE_ADD(now(), INTERVAL FLOOR(1+RAND() * 86400) SECOND),55,0.140000,89,'food'),
	('gfood4','0000000000000007',DATE_ADD(now(), INTERVAL FLOOR(1+RAND() * 86400) SECOND),DATE_ADD(now(), INTERVAL FLOOR(1+RAND() * 86400) SECOND),68,0.930000,18,'food'),
	('gfun1','0000000000000007',DATE_ADD(now(), INTERVAL FLOOR(1+RAND() * 86400) SECOND),DATE_ADD(now(), INTERVAL FLOOR(1+RAND() * 86400) SECOND),5,0.820000,22,'fun'),
	('gfun2','0000000000000007',DATE_ADD(now(), INTERVAL FLOOR(1+RAND() * 86400) SECOND),DATE_ADD(now(), INTERVAL FLOOR(1+RAND() * 86400) SECOND),82,0.170000,30,'fun'),
	('gfun3','0000000000000007',DATE_ADD(now(), INTERVAL FLOOR(1+RAND() * 86400) SECOND),DATE_ADD(now(), INTERVAL FLOOR(1+RAND() * 86400) SECOND),93,0.740000,26,'fun'),
	('gfun4','0000000000000007',DATE_ADD(now(), INTERVAL FLOOR(1+RAND() * 86400) SECOND),DATE_ADD(now(), INTERVAL FLOOR(1+RAND() * 86400) SECOND),93,0.860000,53,'fun'),
	('hclothing1','0000000000000008',DATE_ADD(now(), INTERVAL FLOOR(1+RAND() * 86400) SECOND),DATE_ADD(now(), INTERVAL FLOOR(1+RAND() * 86400) SECOND),43,0.740000,14,'clothing'),
	('hclothing2','0000000000000008',DATE_ADD(now(), INTERVAL FLOOR(1+RAND() * 86400) SECOND),DATE_ADD(now(), INTERVAL FLOOR(1+RAND() * 86400) SECOND),13,0.790000,77,'clothing'),
	('hclothing3','0000000000000008',DATE_ADD(now(), INTERVAL FLOOR(1+RAND() * 86400) SECOND),DATE_ADD(now(), INTERVAL FLOOR(1+RAND() * 86400) SECOND),62,0.750000,88,'clothing'),
	('hclothing4','0000000000000008',DATE_ADD(now(), INTERVAL FLOOR(1+RAND() * 86400) SECOND),DATE_ADD(now(), INTERVAL FLOOR(1+RAND() * 86400) SECOND),19,0.100000,32,'clothing'),
	('hfood1','0000000000000008',DATE_ADD(now(), INTERVAL FLOOR(1+RAND() * 86400) SECOND),DATE_ADD(now(), INTERVAL FLOOR(1+RAND() * 86400) SECOND),94,0.170000,46,'food'),
	('hfood2','0000000000000008',DATE_ADD(now(), INTERVAL FLOOR(1+RAND() * 86400) SECOND),DATE_ADD(now(), INTERVAL FLOOR(1+RAND() * 86400) SECOND),35,0.370000,91,'food'),
	('hfood3','0000000000000008',DATE_ADD(now(), INTERVAL FLOOR(1+RAND() * 86400) SECOND),DATE_ADD(now(), INTERVAL FLOOR(1+RAND() * 86400) SECOND),53,0.430000,73,'food'),
	('hfood4','0000000000000008',DATE_ADD(now(), INTERVAL FLOOR(1+RAND() * 86400) SECOND),DATE_ADD(now(), INTERVAL FLOOR(1+RAND() * 86400) SECOND),28,0.250000,91,'food'),
	('hfun1','0000000000000008',DATE_ADD(now(), INTERVAL FLOOR(1+RAND() * 86400) SECOND),DATE_ADD(now(), INTERVAL FLOOR(1+RAND() * 86400) SECOND),10,0.180000,17,'fun'),
	('hfun2','0000000000000008',DATE_ADD(now(), INTERVAL FLOOR(1+RAND() * 86400) SECOND),DATE_ADD(now(), INTERVAL FLOOR(1+RAND() * 86400) SECOND),36,0.630000,55,'fun'),
	('hfun3','0000000000000008',DATE_ADD(now(), INTERVAL FLOOR(1+RAND() * 86400) SECOND),DATE_ADD(now(), INTERVAL FLOOR(1+RAND() * 86400) SECOND),90,0.580000,30,'fun'),
	('hfun4','0000000000000008',DATE_ADD(now(), INTERVAL FLOOR(1+RAND() * 86400) SECOND),DATE_ADD(now(), INTERVAL FLOOR(1+RAND() * 86400) SECOND),4,0.710000,61,'fun'),
	('iclothing1','0000000000000009',DATE_ADD(now(), INTERVAL FLOOR(1+RAND() * 86400) SECOND),DATE_ADD(now(), INTERVAL FLOOR(1+RAND() * 86400) SECOND),33,0.850000,89,'clothing'),
	('iclothing2','0000000000000009',DATE_ADD(now(), INTERVAL FLOOR(1+RAND() * 86400) SECOND),DATE_ADD(now(), INTERVAL FLOOR(1+RAND() * 86400) SECOND),73,0.040000,51,'clothing'),
	('iclothing3','0000000000000009',DATE_ADD(now(), INTERVAL FLOOR(1+RAND() * 86400) SECOND),DATE_ADD(now(), INTERVAL FLOOR(1+RAND() * 86400) SECOND),5,0.500000,68,'clothing'),
	('iclothing4','0000000000000009',DATE_ADD(now(), INTERVAL FLOOR(1+RAND() * 86400) SECOND),DATE_ADD(now(), INTERVAL FLOOR(1+RAND() * 86400) SECOND),3,0.850000,6,'clothing'),
	('ifood1','0000000000000009',DATE_ADD(now(), INTERVAL FLOOR(1+RAND() * 86400) SECOND),DATE_ADD(now(), INTERVAL FLOOR(1+RAND() * 86400) SECOND),95,0.390000,49,'food'),
	('ifood2','0000000000000009',DATE_ADD(now(), INTERVAL FLOOR(1+RAND() * 86400) SECOND),DATE_ADD(now(), INTERVAL FLOOR(1+RAND() * 86400) SECOND),20,0.670000,26,'food'),
	('ifood3','0000000000000009',DATE_ADD(now(), INTERVAL FLOOR(1+RAND() * 86400) SECOND),DATE_ADD(now(), INTERVAL FLOOR(1+RAND() * 86400) SECOND),63,0.770000,96,'food'),
	('ifood4','0000000000000009',DATE_ADD(now(), INTERVAL FLOOR(1+RAND() * 86400) SECOND),DATE_ADD(now(), INTERVAL FLOOR(1+RAND() * 86400) SECOND),81,0.650000,60,'food'),
	('ifun1','0000000000000009',DATE_ADD(now(), INTERVAL FLOOR(1+RAND() * 86400) SECOND),DATE_ADD(now(), INTERVAL FLOOR(1+RAND() * 86400) SECOND),36,0.550000,70,'fun'),
	('ifun2','0000000000000009',DATE_ADD(now(), INTERVAL FLOOR(1+RAND() * 86400) SECOND),DATE_ADD(now(), INTERVAL FLOOR(1+RAND() * 86400) SECOND),18,0.110000,42,'fun'),
	('ifun3','0000000000000009',DATE_ADD(now(), INTERVAL FLOOR(1+RAND() * 86400) SECOND),DATE_ADD(now(), INTERVAL FLOOR(1+RAND() * 86400) SECOND),32,0.960000,79,'fun'),
	('ifun4','0000000000000009',DATE_ADD(now(), INTERVAL FLOOR(1+RAND() * 86400) SECOND),DATE_ADD(now(), INTERVAL FLOOR(1+RAND() * 86400) SECOND),21,0.700000,84,'fun'),
	('jclothing1','0000000000000010',DATE_ADD(now(), INTERVAL FLOOR(1+RAND() * 86400) SECOND),DATE_ADD(now(), INTERVAL FLOOR(1+RAND() * 86400) SECOND),72,0.270000,34,'clothing'),
	('jclothing2','0000000000000010',DATE_ADD(now(), INTERVAL FLOOR(1+RAND() * 86400) SECOND),DATE_ADD(now(), INTERVAL FLOOR(1+RAND() * 86400) SECOND),40,0.830000,72,'clothing'),
	('jclothing3','0000000000000010',DATE_ADD(now(), INTERVAL FLOOR(1+RAND() * 86400) SECOND),DATE_ADD(now(), INTERVAL FLOOR(1+RAND() * 86400) SECOND),98,0.300000,63,'clothing'),
	('jclothing4','0000000000000010',DATE_ADD(now(), INTERVAL FLOOR(1+RAND() * 86400) SECOND),DATE_ADD(now(), INTERVAL FLOOR(1+RAND() * 86400) SECOND),47,0.500000,30,'clothing'),
	('jfood1','0000000000000010',DATE_ADD(now(), INTERVAL FLOOR(1+RAND() * 86400) SECOND),DATE_ADD(now(), INTERVAL FLOOR(1+RAND() * 86400) SECOND),73,0.140000,59,'food'),
	('jfood2','0000000000000010',DATE_ADD(now(), INTERVAL FLOOR(1+RAND() * 86400) SECOND),DATE_ADD(now(), INTERVAL FLOOR(1+RAND() * 86400) SECOND),22,0.470000,24,'food'),
	('jfood3','0000000000000010',DATE_ADD(now(), INTERVAL FLOOR(1+RAND() * 86400) SECOND),DATE_ADD(now(), INTERVAL FLOOR(1+RAND() * 86400) SECOND),82,0.350000,32,'food'),
	('jfood4','0000000000000010',DATE_ADD(now(), INTERVAL FLOOR(1+RAND() * 86400) SECOND),DATE_ADD(now(), INTERVAL FLOOR(1+RAND() * 86400) SECOND),4,0.540000,43,'food'),
	('jfun1','0000000000000010',DATE_ADD(now(), INTERVAL FLOOR(1+RAND() * 86400) SECOND),DATE_ADD(now(), INTERVAL FLOOR(1+RAND() * 86400) SECOND),98,0.860000,40,'fun'),
	('jfun2','0000000000000010',DATE_ADD(now(), INTERVAL FLOOR(1+RAND() * 86400) SECOND),DATE_ADD(now(), INTERVAL FLOOR(1+RAND() * 86400) SECOND),78,0.590000,62,'fun'),
	('jfun3','0000000000000010',DATE_ADD(now(), INTERVAL FLOOR(1+RAND() * 86400) SECOND),DATE_ADD(now(), INTERVAL FLOOR(1+RAND() * 86400) SECOND),62,0.830000,41,'fun'),
	('jfun4','0000000000000010',DATE_ADD(now(), INTERVAL FLOOR(1+RAND() * 86400) SECOND),DATE_ADD(now(), INTERVAL FLOOR(1+RAND() * 86400) SECOND),48,0.230000,24,'fun');

# vip
INSERT INTO mydb.vip VALUES
	(0, 0.9),
	(1, 0.9),
	(2, 0.9),
	(3, 0.9),
	(4, 0.9),
	(5, 0.9),
	(6, 0.9),
	(7, 0.9),
	(8, 0.9),
	(9, 0.9),
	(10, 0.9),
	(11, 0.9),
	(12, 0.9),
	(13, 0.9),
	(14, 0.9),
	(15, 0.9),
	(16, 0.9),
	(17, 0.9),
	(18, 0.9),
	(19, 0.9),
	(20, 0.9),
	(21, 0.9),
	(22, 0.9),
	(23, 0.9),
	(24, 0.9),
	(25, 0.9),
	(26, 0.9),
	(27, 0.9),
	(28, 0.9),
	(29, 0.9),
	(30, 0.9),
	(31, 0.9),
	(32, 0.9),
	(33, 0.9),
	(34, 0.9),
	(35, 0.9),
	(36, 0.9),
	(37, 0.9),
	(38, 0.9),
	(39, 0.9),
	(40, 0.9),
	(41, 0.9),
	(42, 0.9),
	(43, 0.9),
	(44, 0.9),
	(45, 0.9),
	(46, 0.9),
	(47, 0.9),
	(48, 0.9),
	(49, 0.9),
	(50, 0.9),
	(51, 0.9),
	(52, 0.9),
	(53, 0.9),
	(54, 0.9),
	(55, 0.9),
	(56, 0.9),
	(57, 0.9),
	(58, 0.9),
	(59, 0.9),
	(60, 0.9),
	(61, 0.9),
	(62, 0.9),
	(63, 0.9),
	(64, 0.9),
	(65, 0.9),
	(66, 0.9),
	(67, 0.9),
	(68, 0.9),
	(69, 0.9),
	(70, 0.9),
	(71, 0.9),
	(72, 0.9),
	(73, 0.9),
	(74, 0.9),
	(75, 0.9),
	(76, 0.9),
	(77, 0.9),
	(78, 0.9),
	(79, 0.9),
	(80, 0.9),
	(81, 0.9),
	(82, 0.9),
	(83, 0.9),
	(84, 0.9),
	(85, 0.9),
	(86, 0.9),
	(87, 0.9),
	(88, 0.9),
	(89, 0.9),
	(90, 0.9),
	(91, 0.9),
	(92, 0.9),
	(93, 0.9),
	(94, 0.9),
	(95, 0.9),
	(96, 0.9),
	(97, 0.9),
	(98, 0.9),
	(99, 0.9),
	(100, 0.9),
	(101, 0.8),
	(102, 0.8),
	(103, 0.8),
	(104, 0.8),
	(105, 0.8),
	(106, 0.8),
	(107, 0.8),
	(108, 0.8),
	(109, 0.8),
	(110, 0.8),
	(111, 0.8),
	(112, 0.8),
	(113, 0.8),
	(114, 0.8),
	(115, 0.8),
	(116, 0.8),
	(117, 0.8),
	(118, 0.8),
	(119, 0.8),
	(120, 0.8),
	(121, 0.8),
	(122, 0.8),
	(123, 0.8),
	(124, 0.8),
	(125, 0.8),
	(126, 0.8),
	(127, 0.8),
	(128, 0.8),
	(129, 0.8),
	(130, 0.8),
	(131, 0.8),
	(132, 0.8),
	(133, 0.8),
	(134, 0.8),
	(135, 0.8),
	(136, 0.8),
	(137, 0.8),
	(138, 0.8),
	(139, 0.8),
	(140, 0.8),
	(141, 0.8),
	(142, 0.8),
	(143, 0.8),
	(144, 0.8),
	(145, 0.8),
	(146, 0.8),
	(147, 0.8),
	(148, 0.8),
	(149, 0.8),
	(150, 0.8),
	(151, 0.8),
	(152, 0.8),
	(153, 0.8),
	(154, 0.8),
	(155, 0.8),
	(156, 0.8),
	(157, 0.8),
	(158, 0.8),
	(159, 0.8),
	(160, 0.8),
	(161, 0.8),
	(162, 0.8),
	(163, 0.8),
	(164, 0.8),
	(165, 0.8),
	(166, 0.8),
	(167, 0.8),
	(168, 0.8),
	(169, 0.8),
	(170, 0.8),
	(171, 0.8),
	(172, 0.8),
	(173, 0.8),
	(174, 0.8),
	(175, 0.8),
	(176, 0.8),
	(177, 0.8),
	(178, 0.8),
	(179, 0.8),
	(180, 0.8),
	(181, 0.8),
	(182, 0.8),
	(183, 0.8),
	(184, 0.8),
	(185, 0.8),
	(186, 0.8),
	(187, 0.8),
	(188, 0.8),
	(189, 0.8),
	(190, 0.8),
	(191, 0.8),
	(192, 0.8),
	(193, 0.8),
	(194, 0.8),
	(195, 0.8),
	(196, 0.8),
	(197, 0.8),
	(198, 0.8),
	(199, 0.8),
	(200, 0.8),
	(201, 0.8),
	(202, 0.8),
	(203, 0.8),
	(204, 0.8),
	(205, 0.8),
	(206, 0.8),
	(207, 0.8),
	(208, 0.8),
	(209, 0.8),
	(210, 0.8),
	(211, 0.8),
	(212, 0.8),
	(213, 0.8),
	(214, 0.8),
	(215, 0.8),
	(216, 0.8),
	(217, 0.8),
	(218, 0.8),
	(219, 0.8),
	(220, 0.8),
	(221, 0.8),
	(222, 0.8),
	(223, 0.8),
	(224, 0.8),
	(225, 0.8),
	(226, 0.8),
	(227, 0.8),
	(228, 0.8),
	(229, 0.8),
	(230, 0.8),
	(231, 0.8),
	(232, 0.8),
	(233, 0.8),
	(234, 0.8),
	(235, 0.8),
	(236, 0.8),
	(237, 0.8),
	(238, 0.8),
	(239, 0.8),
	(240, 0.8),
	(241, 0.8),
	(242, 0.8),
	(243, 0.8),
	(244, 0.8),
	(245, 0.8),
	(246, 0.8),
	(247, 0.8),
	(248, 0.8),
	(249, 0.8),
	(250, 0.8),
	(251, 0.8),
	(252, 0.8),
	(253, 0.8),
	(254, 0.8),
	(255, 0.8),
	(256, 0.8),
	(257, 0.8),
	(258, 0.8),
	(259, 0.8),
	(260, 0.8),
	(261, 0.8),
	(262, 0.8),
	(263, 0.8),
	(264, 0.8),
	(265, 0.8),
	(266, 0.8),
	(267, 0.8),
	(268, 0.8),
	(269, 0.8),
	(270, 0.8),
	(271, 0.8),
	(272, 0.8),
	(273, 0.8),
	(274, 0.8),
	(275, 0.8),
	(276, 0.8),
	(277, 0.8),
	(278, 0.8),
	(279, 0.8),
	(280, 0.8),
	(281, 0.8),
	(282, 0.8),
	(283, 0.8),
	(284, 0.8),
	(285, 0.8),
	(286, 0.8),
	(287, 0.8),
	(288, 0.8),
	(289, 0.8),
	(290, 0.8),
	(291, 0.8),
	(292, 0.8),
	(293, 0.8),
	(294, 0.8),
	(295, 0.8),
	(296, 0.8),
	(297, 0.8),
	(298, 0.8),
	(299, 0.8),
	(300, 0.8),
	(301, 0.8),
	(302, 0.8),
	(303, 0.8),
	(304, 0.8),
	(305, 0.8),
	(306, 0.8),
	(307, 0.8),
	(308, 0.8),
	(309, 0.8),
	(310, 0.8),
	(311, 0.8),
	(312, 0.8),
	(313, 0.8),
	(314, 0.8),
	(315, 0.8),
	(316, 0.8),
	(317, 0.8),
	(318, 0.8),
	(319, 0.8),
	(320, 0.8),
	(321, 0.8),
	(322, 0.8),
	(323, 0.8),
	(324, 0.8),
	(325, 0.8),
	(326, 0.8),
	(327, 0.8),
	(328, 0.8),
	(329, 0.8),
	(330, 0.8),
	(331, 0.8),
	(332, 0.8),
	(333, 0.8),
	(334, 0.8),
	(335, 0.8),
	(336, 0.8),
	(337, 0.8),
	(338, 0.8),
	(339, 0.8),
	(340, 0.8),
	(341, 0.8),
	(342, 0.8),
	(343, 0.8),
	(344, 0.8),
	(345, 0.8),
	(346, 0.8),
	(347, 0.8),
	(348, 0.8),
	(349, 0.8),
	(350, 0.8),
	(351, 0.8),
	(352, 0.8),
	(353, 0.8),
	(354, 0.8),
	(355, 0.8),
	(356, 0.8),
	(357, 0.8),
	(358, 0.8),
	(359, 0.8),
	(360, 0.8),
	(361, 0.8),
	(362, 0.8),
	(363, 0.8),
	(364, 0.8),
	(365, 0.8),
	(366, 0.8),
	(367, 0.8),
	(368, 0.8),
	(369, 0.8),
	(370, 0.8),
	(371, 0.8),
	(372, 0.8),
	(373, 0.8),
	(374, 0.8),
	(375, 0.8),
	(376, 0.8),
	(377, 0.8),
	(378, 0.8),
	(379, 0.8),
	(380, 0.8),
	(381, 0.8),
	(382, 0.8),
	(383, 0.8),
	(384, 0.8),
	(385, 0.8),
	(386, 0.8),
	(387, 0.8),
	(388, 0.8),
	(389, 0.8),
	(390, 0.8),
	(391, 0.8),
	(392, 0.8),
	(393, 0.8),
	(394, 0.8),
	(395, 0.8),
	(396, 0.8),
	(397, 0.8),
	(398, 0.8),
	(399, 0.8),
	(400, 0.8),
	(401, 0.8),
	(402, 0.8),
	(403, 0.8),
	(404, 0.8),
	(405, 0.8),
	(406, 0.8),
	(407, 0.8),
	(408, 0.8),
	(409, 0.8),
	(410, 0.8),
	(411, 0.8),
	(412, 0.8),
	(413, 0.8),
	(414, 0.8),
	(415, 0.8),
	(416, 0.8),
	(417, 0.8),
	(418, 0.8),
	(419, 0.8),
	(420, 0.8),
	(421, 0.8),
	(422, 0.8),
	(423, 0.8),
	(424, 0.8),
	(425, 0.8),
	(426, 0.8),
	(427, 0.8),
	(428, 0.8),
	(429, 0.8),
	(430, 0.8),
	(431, 0.8),
	(432, 0.8),
	(433, 0.8),
	(434, 0.8),
	(435, 0.8),
	(436, 0.8),
	(437, 0.8),
	(438, 0.8),
	(439, 0.8),
	(440, 0.8),
	(441, 0.8),
	(442, 0.8),
	(443, 0.8),
	(444, 0.8),
	(445, 0.8),
	(446, 0.8),
	(447, 0.8),
	(448, 0.8),
	(449, 0.8),
	(450, 0.8),
	(451, 0.8),
	(452, 0.8),
	(453, 0.8),
	(454, 0.8),
	(455, 0.8),
	(456, 0.8),
	(457, 0.8),
	(458, 0.8),
	(459, 0.8),
	(460, 0.8),
	(461, 0.8),
	(462, 0.8),
	(463, 0.8),
	(464, 0.8),
	(465, 0.8),
	(466, 0.8),
	(467, 0.8),
	(468, 0.8),
	(469, 0.8),
	(470, 0.8),
	(471, 0.8),
	(472, 0.8),
	(473, 0.8),
	(474, 0.8),
	(475, 0.8),
	(476, 0.8),
	(477, 0.8),
	(478, 0.8),
	(479, 0.8),
	(480, 0.8),
	(481, 0.8),
	(482, 0.8),
	(483, 0.8),
	(484, 0.8),
	(485, 0.8),
	(486, 0.8),
	(487, 0.8),
	(488, 0.8),
	(489, 0.8),
	(490, 0.8),
	(491, 0.8),
	(492, 0.8),
	(493, 0.8),
	(494, 0.8),
	(495, 0.8),
	(496, 0.8),
	(497, 0.8),
	(498, 0.8),
	(499, 0.8),
	(500, 0.8),
	(501, 0.7),
	(502, 0.7),
	(503, 0.7),
	(504, 0.7),
	(505, 0.7),
	(506, 0.7),
	(507, 0.7),
	(508, 0.7),
	(509, 0.7),
	(510, 0.7),
	(511, 0.7),
	(512, 0.7),
	(513, 0.7),
	(514, 0.7),
	(515, 0.7),
	(516, 0.7),
	(517, 0.7),
	(518, 0.7),
	(519, 0.7),
	(520, 0.7),
	(521, 0.7),
	(522, 0.7),
	(523, 0.7),
	(524, 0.7),
	(525, 0.7),
	(526, 0.7),
	(527, 0.7),
	(528, 0.7),
	(529, 0.7),
	(530, 0.7),
	(531, 0.7),
	(532, 0.7),
	(533, 0.7),
	(534, 0.7),
	(535, 0.7),
	(536, 0.7),
	(537, 0.7),
	(538, 0.7),
	(539, 0.7),
	(540, 0.7),
	(541, 0.7),
	(542, 0.7),
	(543, 0.7),
	(544, 0.7),
	(545, 0.7),
	(546, 0.7),
	(547, 0.7),
	(548, 0.7),
	(549, 0.7),
	(550, 0.7),
	(551, 0.7),
	(552, 0.7),
	(553, 0.7),
	(554, 0.7),
	(555, 0.7),
	(556, 0.7),
	(557, 0.7),
	(558, 0.7),
	(559, 0.7),
	(560, 0.7),
	(561, 0.7),
	(562, 0.7),
	(563, 0.7),
	(564, 0.7),
	(565, 0.7),
	(566, 0.7),
	(567, 0.7),
	(568, 0.7),
	(569, 0.7),
	(570, 0.7),
	(571, 0.7),
	(572, 0.7),
	(573, 0.7),
	(574, 0.7),
	(575, 0.7),
	(576, 0.7),
	(577, 0.7),
	(578, 0.7),
	(579, 0.7),
	(580, 0.7),
	(581, 0.7),
	(582, 0.7),
	(583, 0.7),
	(584, 0.7),
	(585, 0.7),
	(586, 0.7),
	(587, 0.7),
	(588, 0.7),
	(589, 0.7),
	(590, 0.7),
	(591, 0.7),
	(592, 0.7),
	(593, 0.7),
	(594, 0.7),
	(595, 0.7),
	(596, 0.7),
	(597, 0.7),
	(598, 0.7),
	(599, 0.7),
	(600, 0.7),
	(601, 0.7),
	(602, 0.7),
	(603, 0.7),
	(604, 0.7),
	(605, 0.7),
	(606, 0.7),
	(607, 0.7),
	(608, 0.7),
	(609, 0.7),
	(610, 0.7),
	(611, 0.7),
	(612, 0.7),
	(613, 0.7),
	(614, 0.7),
	(615, 0.7),
	(616, 0.7),
	(617, 0.7),
	(618, 0.7),
	(619, 0.7),
	(620, 0.7),
	(621, 0.7),
	(622, 0.7),
	(623, 0.7),
	(624, 0.7),
	(625, 0.7),
	(626, 0.7),
	(627, 0.7),
	(628, 0.7),
	(629, 0.7),
	(630, 0.7),
	(631, 0.7),
	(632, 0.7),
	(633, 0.7),
	(634, 0.7),
	(635, 0.7),
	(636, 0.7),
	(637, 0.7),
	(638, 0.7),
	(639, 0.7),
	(640, 0.7),
	(641, 0.7),
	(642, 0.7),
	(643, 0.7),
	(644, 0.7),
	(645, 0.7),
	(646, 0.7),
	(647, 0.7),
	(648, 0.7),
	(649, 0.7),
	(650, 0.7),
	(651, 0.7),
	(652, 0.7),
	(653, 0.7),
	(654, 0.7),
	(655, 0.7),
	(656, 0.7),
	(657, 0.7),
	(658, 0.7),
	(659, 0.7),
	(660, 0.7),
	(661, 0.7),
	(662, 0.7),
	(663, 0.7),
	(664, 0.7),
	(665, 0.7),
	(666, 0.7),
	(667, 0.7),
	(668, 0.7),
	(669, 0.7),
	(670, 0.7),
	(671, 0.7),
	(672, 0.7),
	(673, 0.7),
	(674, 0.7),
	(675, 0.7),
	(676, 0.7),
	(677, 0.7),
	(678, 0.7),
	(679, 0.7),
	(680, 0.7),
	(681, 0.7),
	(682, 0.7),
	(683, 0.7),
	(684, 0.7),
	(685, 0.7),
	(686, 0.7),
	(687, 0.7),
	(688, 0.7),
	(689, 0.7),
	(690, 0.7),
	(691, 0.7),
	(692, 0.7),
	(693, 0.7),
	(694, 0.7),
	(695, 0.7),
	(696, 0.7),
	(697, 0.7),
	(698, 0.7),
	(699, 0.7),
	(700, 0.7),
	(701, 0.7),
	(702, 0.7),
	(703, 0.7),
	(704, 0.7),
	(705, 0.7),
	(706, 0.7),
	(707, 0.7),
	(708, 0.7),
	(709, 0.7),
	(710, 0.7),
	(711, 0.7),
	(712, 0.7),
	(713, 0.7),
	(714, 0.7),
	(715, 0.7),
	(716, 0.7),
	(717, 0.7),
	(718, 0.7),
	(719, 0.7),
	(720, 0.7),
	(721, 0.7),
	(722, 0.7),
	(723, 0.7),
	(724, 0.7),
	(725, 0.7),
	(726, 0.7),
	(727, 0.7),
	(728, 0.7),
	(729, 0.7),
	(730, 0.7),
	(731, 0.7),
	(732, 0.7),
	(733, 0.7),
	(734, 0.7),
	(735, 0.7),
	(736, 0.7),
	(737, 0.7),
	(738, 0.7),
	(739, 0.7),
	(740, 0.7),
	(741, 0.7),
	(742, 0.7),
	(743, 0.7),
	(744, 0.7),
	(745, 0.7),
	(746, 0.7),
	(747, 0.7),
	(748, 0.7),
	(749, 0.7),
	(750, 0.7),
	(751, 0.7),
	(752, 0.7),
	(753, 0.7),
	(754, 0.7),
	(755, 0.7),
	(756, 0.7),
	(757, 0.7),
	(758, 0.7),
	(759, 0.7),
	(760, 0.7),
	(761, 0.7),
	(762, 0.7),
	(763, 0.7),
	(764, 0.7),
	(765, 0.7),
	(766, 0.7),
	(767, 0.7),
	(768, 0.7),
	(769, 0.7),
	(770, 0.7),
	(771, 0.7),
	(772, 0.7),
	(773, 0.7),
	(774, 0.7),
	(775, 0.7),
	(776, 0.7),
	(777, 0.7),
	(778, 0.7),
	(779, 0.7),
	(780, 0.7),
	(781, 0.7),
	(782, 0.7),
	(783, 0.7),
	(784, 0.7),
	(785, 0.7),
	(786, 0.7),
	(787, 0.7),
	(788, 0.7),
	(789, 0.7),
	(790, 0.7),
	(791, 0.7),
	(792, 0.7),
	(793, 0.7),
	(794, 0.7),
	(795, 0.7),
	(796, 0.7),
	(797, 0.7),
	(798, 0.7),
	(799, 0.7),
	(800, 0.7),
	(801, 0.7),
	(802, 0.7),
	(803, 0.7),
	(804, 0.7),
	(805, 0.7),
	(806, 0.7),
	(807, 0.7),
	(808, 0.7),
	(809, 0.7),
	(810, 0.7),
	(811, 0.7),
	(812, 0.7),
	(813, 0.7),
	(814, 0.7),
	(815, 0.7),
	(816, 0.7),
	(817, 0.7),
	(818, 0.7),
	(819, 0.7),
	(820, 0.7),
	(821, 0.7),
	(822, 0.7),
	(823, 0.7),
	(824, 0.7),
	(825, 0.7),
	(826, 0.7),
	(827, 0.7),
	(828, 0.7),
	(829, 0.7),
	(830, 0.7),
	(831, 0.7),
	(832, 0.7),
	(833, 0.7),
	(834, 0.7),
	(835, 0.7),
	(836, 0.7),
	(837, 0.7),
	(838, 0.7),
	(839, 0.7),
	(840, 0.7),
	(841, 0.7),
	(842, 0.7),
	(843, 0.7),
	(844, 0.7),
	(845, 0.7),
	(846, 0.7),
	(847, 0.7),
	(848, 0.7),
	(849, 0.7),
	(850, 0.7),
	(851, 0.7),
	(852, 0.7),
	(853, 0.7),
	(854, 0.7),
	(855, 0.7),
	(856, 0.7),
	(857, 0.7),
	(858, 0.7),
	(859, 0.7),
	(860, 0.7),
	(861, 0.7),
	(862, 0.7),
	(863, 0.7),
	(864, 0.7),
	(865, 0.7),
	(866, 0.7),
	(867, 0.7),
	(868, 0.7),
	(869, 0.7),
	(870, 0.7),
	(871, 0.7),
	(872, 0.7),
	(873, 0.7),
	(874, 0.7),
	(875, 0.7),
	(876, 0.7),
	(877, 0.7),
	(878, 0.7),
	(879, 0.7),
	(880, 0.7),
	(881, 0.7),
	(882, 0.7),
	(883, 0.7),
	(884, 0.7),
	(885, 0.7),
	(886, 0.7),
	(887, 0.7),
	(888, 0.7),
	(889, 0.7),
	(890, 0.7),
	(891, 0.7),
	(892, 0.7),
	(893, 0.7),
	(894, 0.7),
	(895, 0.7),
	(896, 0.7),
	(897, 0.7),
	(898, 0.7),
	(899, 0.7),
	(900, 0.7),
	(901, 0.7),
	(902, 0.7),
	(903, 0.7),
	(904, 0.7),
	(905, 0.7),
	(906, 0.7),
	(907, 0.7),
	(908, 0.7),
	(909, 0.7),
	(910, 0.7),
	(911, 0.7),
	(912, 0.7),
	(913, 0.7),
	(914, 0.7),
	(915, 0.7),
	(916, 0.7),
	(917, 0.7),
	(918, 0.7),
	(919, 0.7),
	(920, 0.7),
	(921, 0.7),
	(922, 0.7),
	(923, 0.7),
	(924, 0.7),
	(925, 0.7),
	(926, 0.7),
	(927, 0.7),
	(928, 0.7),
	(929, 0.7),
	(930, 0.7),
	(931, 0.7),
	(932, 0.7),
	(933, 0.7),
	(934, 0.7),
	(935, 0.7),
	(936, 0.7),
	(937, 0.7),
	(938, 0.7),
	(939, 0.7),
	(940, 0.7),
	(941, 0.7),
	(942, 0.7),
	(943, 0.7),
	(944, 0.7),
	(945, 0.7),
	(946, 0.7),
	(947, 0.7),
	(948, 0.7),
	(949, 0.7),
	(950, 0.7),
	(951, 0.7),
	(952, 0.7),
	(953, 0.7),
	(954, 0.7),
	(955, 0.7),
	(956, 0.7),
	(957, 0.7),
	(958, 0.7),
	(959, 0.7),
	(960, 0.7),
	(961, 0.7),
	(962, 0.7),
	(963, 0.7),
	(964, 0.7),
	(965, 0.7),
	(966, 0.7),
	(967, 0.7),
	(968, 0.7),
	(969, 0.7),
	(970, 0.7),
	(971, 0.7),
	(972, 0.7),
	(973, 0.7),
	(974, 0.7),
	(975, 0.7),
	(976, 0.7),
	(977, 0.7),
	(978, 0.7),
	(979, 0.7),
	(980, 0.7),
	(981, 0.7),
	(982, 0.7),
	(983, 0.7),
	(984, 0.7),
	(985, 0.7),
	(986, 0.7),
	(987, 0.7),
	(988, 0.7),
	(989, 0.7),
	(990, 0.7),
	(991, 0.7),
	(992, 0.7),
	(993, 0.7),
	(994, 0.7),
	(995, 0.7),
	(996, 0.7),
	(997, 0.7),
	(998, 0.7),
	(999, 0.7),
	(1000, 0.7);
